first_name,last_name,job_title,department,email,address,phone_number,salary,password
Gina,Casey,Product manager,"Surveyor, rural practice",dannyrogers@example.com,Lake Sarahfurt,(554)958-1226x121,59278,dJax5kKi
Tracey,Sweeney,Actor,"Designer, furniture",hernandezmiguel@example.net,Lake Tammy,001-407-257-0285x270,10605,keMx62Eu
Kelly,George,Training and development officer,Regulatory affairs officer,ghart@example.com,South Samuel,509.351.0333,32613,gW3h6LNn
Donald,Peterson,Television/film/video producer,Civil Service administrator,asheppard@example.net,Riggsberg,(775)219-5147x239,73404,XuRU4JKI
Elijah,Jones,Stage manager,Occupational hygienist,jenniferdavis@example.com,Dicksontown,001-691-606-4013x00244,39177,m3Cgz4xy
Mary,Conrad,Technical brewer,Travel agency manager,danielle75@example.net,East Brian,001-427-690-9584x281,14517,zEsimvR8
Willie,Blankenship,Astronomer,"Geologist, wellsite",drussell@example.net,Port Nathanberg,001-726-353-0881x905,36088,gFdSmM0e
Lisa,White,"Radiographer, therapeutic",Electrical engineer,wardbreanna@example.net,Carriefort,944-961-2827x97950,72092,1F3TJ78d
Daniel,Stewart,Editorial assistant,Actuary,nfreeman@example.net,North Erinfort,001-235-372-9012,72709,TRqXujOr
Diana,Watts,"Chemist, analytical",Civil Service fast streamer,williamsraymond@example.net,West Jasmine,(786)416-9065x927,15620,kfO1D7Cp
Shirley,Diaz,"Psychologist, occupational",Hydrologist,vincent37@example.org,Brianburgh,303.687.7272,99989,DVkbev0G
Laura,Olson,Television floor manager,Diagnostic radiographer,zbrown@example.com,Grayburgh,(657)704-0307x022,36029,cQxAp9qC
Theodore,Gomez,Public relations officer,"Editor, commissioning",pfreeman@example.net,Lake Jessicaburgh,(534)312-5000x642,46651,EdfANwHm
Gabriel,Butler,Heritage manager,Telecommunications researcher,psmith@example.com,Gregoryville,267-783-0528,84827,XaBYdKBR
Joshua,Mitchell,"Nurse, mental health",Operations geologist,cindybender@example.com,Mirandaland,528.251.7563x57787,5279,vRgLBfMK
Jennifer,Flores,Investment analyst,"Geologist, wellsite",jeffrey52@example.org,Boothmouth,733.579.0479x28342,86355,6bqPIKPN
Stacy,Gonzalez,Location manager,Medical technical officer,westsharon@example.net,Sandersview,258.228.5318x7274,94611,p8hfAZOs
Daniel,Rivas,Waste management officer,Accounting technician,mitchelljohn@example.com,North Aaron,(576)297-8268,75595,DR4TLvLM
Jermaine,Castillo,English as a foreign language teacher,Special effects artist,xward@example.com,New Jaime,538-931-1793x4585,69313,meQbQo7I
John,Rivera,Licensed conveyancer,Horticultural consultant,proberts@example.com,Lake Daniel,+1-983-530-4603,31867,AF6ggymg
Miguel,Miller,Paramedic,"Biochemist, clinical",christinakirby@example.org,Foleyland,484-297-1191x797,65744,m5KNvxQi
Ethan,Turner,Exhibition designer,Consulting civil engineer,mdaniel@example.net,Port Andrew,(496)308-3103x73352,9765,Pt54vXdc
Stephen,Chapman,"Sound technician, broadcasting/film/video","Education officer, museum",stephaniesmith@example.net,Port Anthony,900.917.2476,12733,l5DBudGr
Robert,Soto,Museum/gallery conservator,"Designer, multimedia",masonmatthew@example.org,South Timothystad,(513)985-9668,40804,yYxVsZUy
Carlos,Soto,Cytogeneticist,Paediatric nurse,mpittman@example.com,Rickside,527-554-2873x336,4899,p27uCfU0
Michele,Murray,"Conservation officer, nature","Engineer, mining",jmunoz@example.com,Lake Eric,443.800.0948,23730,IXjgdMqf
Allison,Patterson,Haematologist,Sport and exercise psychologist,jessicadawson@example.net,East Jamesfort,+1-750-868-7296x702,81893,b69WoqLf
Brenda,Martin,Accommodation manager,Fish farm manager,dhancock@example.com,Oconnellport,3125101879,30040,98RJFvrq
Ryan,Ellis,Lexicographer,Mining engineer,calvin95@example.org,Michelleview,+1-227-799-3349x67322,19724,4UCFyAwH
Juan,Shannon,Educational psychologist,Product manager,avilamegan@example.com,Kyleshire,810-541-5169x73527,95369,7hIiXxxm
Stephen,Thompson,"Conservation officer, nature",Software engineer,sandrazamora@example.com,Port William,748-311-9213,61951,kEqaVaYt
Brandi,Mack,Counsellor,Museum/gallery curator,alexandergreen@example.net,Huntbury,392.689.5847x429,47075,StMz0ZJI
David,Wu,Merchant navy officer,"Scientist, audiological",williamsbrian@example.com,New Michelletown,747-788-9303,38163,jNpypmYx
Jesse,Guzman,"Sound technician, broadcasting/film/video",Animal nutritionist,vargascynthia@example.net,West Cassandraborough,606.880.5553x56133,54220,UMJciHAm
Lisa,Ferguson,Public affairs consultant,Database administrator,boyddiane@example.org,South Richard,(943)401-7166,48073,R4T509Xu
Tyler,Martinez,Commercial/residential surveyor,Chiropodist,samuelcopeland@example.org,Lake Amber,001-660-278-8152x785,76993,r39bf7N2
Denise,Smith,Control and instrumentation engineer,Leisure centre manager,iadams@example.org,East Robert,555.332.2576,54484,OKut6RD9
Alicia,Anderson,Personnel officer,"Designer, furniture",rwhitehead@example.com,Dianeberg,(314)824-0894x27488,41048,6Au0mzds
Kendra,Luna,Site engineer,Museum education officer,xbates@example.org,Port Amandashire,796-933-9263,40729,O358BvCX
Emily,Hurley,"Therapist, occupational",Community development worker,suzannehanson@example.net,Port Michelleville,7446344143,60854,95hM2WUH
Rebecca,David,Public relations account executive,Financial manager,wrobbins@example.org,North Emily,+1-916-727-8340,14751,y8GqIQRi
Charles,Young,"Nurse, mental health",Fitness centre manager,nsnyder@example.net,Timothytown,383.414.7886,26074,KsPyfzuF
Amanda,Travis,"Horticulturist, amenity",Advertising copywriter,andrewwade@example.com,Port Scottburgh,(436)479-0322x366,53887,3wSbaSIj
Robert,Perez,"Pilot, airline",Industrial/product designer,washingtonnicole@example.net,Christopherton,(813)210-9844x163,60113,lSkYhUyA
Anna,Perry,Sports administrator,IT consultant,nancyharris@example.net,Jonathanshire,001-212-839-0853,67573,KDyx4gty
Vanessa,Boyd,Jewellery designer,Research scientist (maths),ericamcgee@example.org,Lake Sara,312-962-8425,25997,eK5h9QT6
Ricardo,Petersen,Planning and development surveyor,Barrister,alejandromelton@example.com,Fordside,596.332.5850,4374,oCcJIK2G
Deborah,Henderson,Estate manager/land agent,Charity officer,amueller@example.net,East Matthew,819-514-6960x47519,47707,FPr6TOqh
Ryan,Gomez,Chiropodist,Quantity surveyor,roy08@example.com,New Jennifer,+1-766-871-5175x58372,72055,HX8QjXbR
Brian,Doyle,Financial controller,Soil scientist,williamsjacob@example.com,North Davidborough,969-436-7435x754,4913,GymHzAkX
Michael,Swanson,"Production assistant, television",Chartered certified accountant,gerald89@example.org,Torresshire,545.819.6411,75555,rIsbWPAG
Kevin,Mills,Energy engineer,"Scientist, biomedical",garyparker@example.com,Baileyshire,001-856-228-2569,5537,O0oFxVOT
Michael,Rios,Volunteer coordinator,Chemical engineer,whines@example.com,Riversborough,+1-740-235-8916x793,86992,75Nv0MsN
Joseph,Gilmore,"Education officer, community",Air broker,uadams@example.com,South Emilybury,+1-827-645-6869x033,94466,u5B7mtXa
Jessica,Christensen,Telecommunications researcher,Industrial buyer,ahoffman@example.org,North Joshuaberg,001-429-763-7142x7659,38619,pncBuucZ
Amy,Watts,"Psychotherapist, child",Public librarian,joshua44@example.net,Nancyborough,(970)574-0827,77140,tNP74aAJ
Barry,Hernandez,Magazine journalist,Outdoor activities/education manager,mcknightkimberly@example.net,Pooleville,380-325-0737x644,9955,irZHqmj4
Beth,Moore,"Psychologist, sport and exercise",Industrial buyer,harperlori@example.org,Nunezstad,001-643-628-0288,26601,C4kiKj7I
Amber,Murphy,Horticultural therapist,Consulting civil engineer,dbarr@example.net,Hansonhaven,(636)206-7373x37676,77612,aH6SLPEk
Jennifer,Sanchez,Optometrist,"Sales professional, IT",patrickjones@example.org,Williamsburgh,(983)960-8219x246,66790,mtmeWs6o
Chad,Sutton,Licensed conveyancer,"Production designer, theatre/television/film",williamsshelby@example.com,Susanberg,765.616.8940,51880,aoG62Pcw
David,Miranda,Mudlogger,"Engineer, water",gwhite@example.net,Sarahchester,856-876-8035,66755,WNxLHycg
Bethany,Fisher,"Engineer, land",Occupational therapist,vharris@example.org,Hernandezside,996-729-4563x64774,37458,idqtDBm2
Jeremy,Hunter,Child psychotherapist,IT trainer,jacquelinetorres@example.net,Lauramouth,(735)302-6842,80167,alvWIeFL
John,Garcia,"Journalist, broadcasting",Race relations officer,sarah15@example.org,North Jordan,625-307-4800x877,70292,LSsFwy2Y
Peter,Dunlap,Economist,"Journalist, magazine",cjacobs@example.net,South Chad,774-916-5341x0463,69745,FULZAixc
Jaclyn,Kelly,Marketing executive,Lexicographer,solismelissa@example.com,Dawnview,604-483-3295x52591,78227,ML1jduvF
Katrina,Peterson,Politician's assistant,Social worker,cobbbrenda@example.net,Katiemouth,273-251-5027,44648,0EYiklcO
Arthur,Davis,Arts administrator,Ranger/warden,bullockvalerie@example.net,East Lauraburgh,+1-973-639-9911x98684,70644,SxHWBUon
Matthew,Ford,Astronomer,Chief Technology Officer,willisnancy@example.org,Paulville,5379481499,57197,cOzf92eJ
Emma,Lam,Animal technologist,Multimedia specialist,melissasmith@example.net,Derekstad,(325)524-4912,35792,Qr3sLMym
Doris,Walsh,"Optician, dispensing","Engineer, water",penabenjamin@example.org,Taylorbury,859-393-5578x1637,18239,UKT4D31I
David,Watson,Clinical molecular geneticist,Naval architect,jkrause@example.com,New David,001-732-643-9056x3770,54622,L2kNii8O
Paula,Pugh,Exhibition designer,"Therapist, horticultural",ngonzalez@example.org,Jeremiahshire,7033211494,79427,rFQIwbfy
Sydney,Holland,Commissioning editor,Physiotherapist,mark17@example.net,South Debraport,+1-406-501-7157,94982,rSVgGm4L
Rebecca,Berg,"Surveyor, building",Television production assistant,ericestrada@example.org,Beverlymouth,+1-359-512-1396,51517,IQ8YkeMe
Calvin,Rodriguez,Publishing rights manager,Public house manager,lmiller@example.org,Powellfurt,374-904-0445x05641,42996,HRVm00kg
Jose,Craig,Ergonomist,Podiatrist,kayla82@example.org,North Elizabethstad,(335)274-8328x62209,95715,WgIuyJDJ
Christopher,Taylor,Private music teacher,Jewellery designer,jerry39@example.net,New Sonya,206.457.7178x831,94686,anfqkDjG
Robert,Ayala,Facilities manager,Press photographer,vanessa88@example.net,Port Shariland,239.222.8484,97049,5OEazJFR
Jessica,Chandler,"Sales professional, IT",Artist,david19@example.org,Scotthaven,860-393-7332,44018,e6JmLcQQ
Tina,Smith,IT technical support officer,Biomedical engineer,karennelson@example.net,Lake Regina,(804)726-7012x9612,50338,UQxMM9TL
Susan,Clark,Estate manager/land agent,Youth worker,ijacobson@example.net,Shawville,923.701.8835x821,87317,9TXP6Nbw
Brandon,Chavez,Personal assistant,Publishing rights manager,andersonmichelle@example.com,Ericaport,563.473.4307x395,95809,A9YHps7m
Jenna,Chavez,Outdoor activities/education manager,Health and safety adviser,eric74@example.com,Boyerchester,+1-713-448-3864x24454,51872,7H06dIE4
Billy,Taylor,Art gallery manager,"Engineer, technical sales",mjohnston@example.net,Ashleystad,(891)551-3556x0237,62639,vmvUU9Q5
Benjamin,Walker,Diagnostic radiographer,"Radiographer, diagnostic",robin29@example.net,South Crystal,001-904-976-9799x69169,63474,MotmbOTT
Kristen,Fuller,Television production assistant,Industrial/product designer,fordchristopher@example.com,Lake William,+1-681-542-9124,74688,c6rIUlE8
Carla,Gonzalez,Camera operator,Armed forces technical officer,daniel58@example.com,Haydenshire,9799597227,32240,5vn5IsDJ
Christopher,Garza,"Producer, radio",Make,pliu@example.net,West Michaelberg,+1-265-324-5561x3497,63431,uvA1fgjk
Pamela,Johnson,Lawyer,Environmental consultant,alex57@example.com,Kevinton,(947)663-8398x88614,11341,ctpomd1s
Derek,Lopez,"Accountant, chartered certified",Astronomer,mariah72@example.org,Maynardfort,994-634-8483,32773,FufmHLsj
Jennifer,Smith,Solicitor,"Psychologist, sport and exercise",allenlisa@example.com,New Garystad,791.977.4374,67398,GrCIK9gD
Dylan,Thomas,Television floor manager,Biomedical scientist,jonescarolyn@example.com,New Nicholasside,(612)745-2394,18714,A2gwmmOJ
Charles,Wright,Field trials officer,Mental health nurse,lunakristina@example.org,New Rebecca,(639)940-6384,63092,itIqYsPM
Arthur,Turner,IT technical support officer,IT technical support officer,tlopez@example.com,Amyshire,302.861.9105x0521,81286,s3aOZPXa
Brandon,Ruiz,Clothing/textile technologist,Archivist,alexisnguyen@example.com,Port Russell,001-510-839-9544x90523,33202,BWlmPSQq
David,Massey,"Physicist, medical","Embryologist, clinical",brianlewis@example.com,New Samantha,(295)390-7602x9994,59280,IYtwwuBp
Amber,Barrett,Immigration officer,Illustrator,richard55@example.net,Nicoleburgh,651-425-4382x522,60664,PscKiXhi
Mark,Freeman,Computer games developer,"Sound technician, broadcasting/film/video",stevenmedina@example.org,Esparzatown,001-767-566-1049,86620,ATiQrtmg
